image_path,predicted_cluster
images/testRegroupe\apple\00341c3c5825fc7e.jpg,12
images/testRegroupe\apple\004be96d7985d83e.jpg,12
images/testRegroupe\apple\01ac2a42f2a22ee7.jpg,12
images/testRegroupe\apple\03bfc0b1cc6bde63.jpg,8
images/testRegroupe\apple\09ed54b36eaa5316.jpg,14
images/testRegroupe\apple\0f8670e41c97c8cb.jpg,1
images/testRegroupe\apple\137591bb5ac95a5e.jpg,6
images/testRegroupe\apple\1382c47d4df56b77.jpg,9
images/testRegroupe\apple\1acfd560a4424e04.jpg,12
images/testRegroupe\apple\1db0cb75f37d6cba.jpg,7
images/testRegroupe\apple\1e5a5b8fbd4ca698.jpg,14
images/testRegroupe\apple\1ef79535f0645f1f.jpg,6
images/testRegroupe\apple\2011d826e9ba42ac.jpg,10
images/testRegroupe\apple\26170762a4777de6.jpg,18
images/testRegroupe\apple\275f429194a6683a.jpg,12
images/testRegroupe\apple\27706823aee8d883.jpg,2
images/testRegroupe\apple\2c264be5e4d157bf.jpg,3
images/testRegroupe\apple\332e03a2441a803b.jpg,11
images/testRegroupe\apple\3485e0b69848c5b9.jpg,19
images/testRegroupe\apple\358f229aa8895684.jpg,4
images/testRegroupe\apple\3908a17d509bf36c.jpg,6
images/testRegroupe\apple\3d29662970a70658.jpg,12
images/testRegroupe\apple\4686e33b56653b9c.jpg,12
images/testRegroupe\apple\4b3a282b7f4bdad1.jpg,4
images/testRegroupe\apple\555f563b48ec9183.jpg,16
images/testRegroupe\apple\671292276d92cee4.jpg,2
images/testRegroupe\apple\70d4890ac04a702a.jpg,3
images/testRegroupe\apple\72d180f7445b817c.jpg,9
images/testRegroupe\apple\741462a3482a68b4.jpg,16
images/testRegroupe\apple\79c8f1a27741eddb.jpg,8
images/testRegroupe\apple\87e88ea71a9c8a71.jpg,9
images/testRegroupe\apple\8c29e8a262805137.jpg,15
images/testRegroupe\apple\8f2c0ef78304476b.jpg,16
images/testRegroupe\apple\91bdc8cf6a190404.jpg,3
images/testRegroupe\apple\94de58da0f25a821.jpg,4
images/testRegroupe\apple\953a08e8cfa4dfce.jpg,12
images/testRegroupe\apple\a53301ea630edba6.jpg,0
images/testRegroupe\apple\a5c601a55c21ca46.jpg,0
images/testRegroupe\apple\ae6be536a932a749.jpg,11
images/testRegroupe\apple\af47707f6a316088.jpg,4
images/testRegroupe\apple\b1ce6250dad71e9e.jpg,11
images/testRegroupe\apple\b3c07c92bf698a4f.jpg,1
images/testRegroupe\apple\b876d59ba12ccabc.jpg,0
images/testRegroupe\apple\c1c62046befcff01.jpg,10
images/testRegroupe\apple\c90f57a9d8fceb90.jpg,1
images/testRegroupe\apple\cc30cf6b3a56cdd9.jpg,0
images/testRegroupe\apple\cd5d140218805739.jpg,5
images/testRegroupe\apple\dfec55965c1cdf19.jpg,11
images/testRegroupe\apple\edfff0be11cb138a.jpg,8
images/testRegroupe\apple\f34aa81dac316e5c.jpg,16
images/testRegroupe\banana\02a1fc76dc79b78d.jpg,11
images/testRegroupe\banana\0b2e4b673751320f.jpg,0
images/testRegroupe\banana\0fb15f6f8289bf78.jpg,9
images/testRegroupe\banana\1201eec343de5545.jpg,0
images/testRegroupe\banana\1ab26753f4930579.jpg,4
images/testRegroupe\banana\1d8f4471aeef2c37.jpg,11
images/testRegroupe\banana\1dbc71f83a2b1620.jpg,11
images/testRegroupe\banana\1f416e98dd973d9a.jpg,18
images/testRegroupe\banana\1f896929f2a9e841.jpg,8
images/testRegroupe\banana\20118be1986a1ce2.jpg,1
images/testRegroupe\banana\21a504c352d4dab1.jpg,1
images/testRegroupe\banana\2487438c26dc6277.jpg,19
images/testRegroupe\banana\25e8145d46d237f0.jpg,4
images/testRegroupe\banana\2b2b03d6d01b156f.jpg,6
images/testRegroupe\banana\2fffe5a883d38ace.jpg,5
images/testRegroupe\banana\3371fc25ea314f7c.jpg,1
images/testRegroupe\banana\33e2d11aef91defb.jpg,11
images/testRegroupe\banana\356b1b9ddd7e3b22.jpg,11
images/testRegroupe\banana\364a6eb52f5ace83.jpg,4
images/testRegroupe\banana\4050617ad45ad28c.jpg,3
images/testRegroupe\banana\48e4223a13e44cbd.jpg,4
images/testRegroupe\banana\4d8e945bfb323abe.jpg,1
images/testRegroupe\banana\566b113a884cea36.jpg,3
images/testRegroupe\banana\68680ccd8ddd089c.jpg,3
images/testRegroupe\banana\790ca07066ab8a5e.jpg,1
images/testRegroupe\banana\7e98d6c4ee2f4163.jpg,4
images/testRegroupe\banana\81e6d9a65ba245a0.jpg,1
images/testRegroupe\banana\82650090e061909d.jpg,0
images/testRegroupe\banana\84b93e935d419489.jpg,14
images/testRegroupe\banana\899cef068844ac12.jpg,2
images/testRegroupe\banana\89ed54d428adb296.jpg,11
images/testRegroupe\banana\995631e461f8834e.jpg,0
images/testRegroupe\banana\9b2d0872f369d0f8.jpg,17
images/testRegroupe\banana\9f611bc4df0372db.jpg,14
images/testRegroupe\banana\a18019082a32b5d8.jpg,5
images/testRegroupe\banana\a8a3f65f00052bda.jpg,4
images/testRegroupe\banana\a908c401d28b086d.jpg,6
images/testRegroupe\banana\b179fb7f7e447f77.jpg,1
images/testRegroupe\banana\bdf09f191f82e090.jpg,13
images/testRegroupe\banana\bfa712a0992f6f49.jpg,0
images/testRegroupe\banana\c13956a12cfdfa10.jpg,5
images/testRegroupe\banana\c2138376d54e92cb.jpg,10
images/testRegroupe\banana\c25cf3cc894353c1.jpg,0
images/testRegroupe\banana\d251c693b79873ca.jpg,0
images/testRegroupe\banana\dd79a59694f9f1ff.jpg,4
images/testRegroupe\banana\df770218fa74a6f2.jpg,14
images/testRegroupe\banana\efa8d72197b7b17f.jpg,4
images/testRegroupe\banana\efe5aec0e6514ac3.jpg,11
images/testRegroupe\banana\f0f7bbb186ba2c15.jpg,18
images/testRegroupe\banana\f5279bf99dd7ad1d.jpg,0
images/testRegroupe\cake\004e21eb2e686f40.jpg,0
images/testRegroupe\cake\0268226ed63174ea.jpg,12
images/testRegroupe\cake\063dcaa7beefdee9.jpg,3
images/testRegroupe\cake\09a786d569d8a554.jpg,16
images/testRegroupe\cake\0eee3aa50b808874.jpg,11
images/testRegroupe\cake\1405269547ed9a61.jpg,18
images/testRegroupe\cake\1514040120d85a6e.jpg,2
images/testRegroupe\cake\17c3ed7860d160ed.jpg,12
images/testRegroupe\cake\1c95483323464b46.jpg,5
images/testRegroupe\cake\20a0c9dd2784f823.jpg,10
images/testRegroupe\cake\23bf2bfe86ded414.jpg,14
images/testRegroupe\cake\260e101291d6d34d.jpg,6
images/testRegroupe\cake\2d44e03b77ddae77.jpg,10
images/testRegroupe\cake\2fbe2692f24fc1be.jpg,13
images/testRegroupe\cake\33c6bc12bd347a48.jpg,14
images/testRegroupe\cake\3a43330578497f62.jpg,3
images/testRegroupe\cake\40cab19dfe3aee8b.jpg,18
images/testRegroupe\cake\49464fc61be971db.jpg,4
images/testRegroupe\cake\4fa64ef44dee440f.jpg,17
images/testRegroupe\cake\5260d2524cb2fa51.jpg,18
images/testRegroupe\cake\5c86e9144be45c30.jpg,6
images/testRegroupe\cake\5e9c429afce8a619.jpg,3
images/testRegroupe\cake\600c36d1e6f5da87.jpg,11
images/testRegroupe\cake\6172064bbb38cafb.jpg,4
images/testRegroupe\cake\645caf63ba17cb32.jpg,14
images/testRegroupe\cake\695855948e2340ba.jpg,11
images/testRegroupe\cake\699b9f6707e8ef53.jpg,4
images/testRegroupe\cake\7d7e36dcdd233937.jpg,16
images/testRegroupe\cake\7d8937c193a599eb.jpg,13
images/testRegroupe\cake\8199f71f6863969b.jpg,6
images/testRegroupe\cake\88aa2154914ce3a7.jpg,0
images/testRegroupe\cake\8a844667e7ba12eb.jpg,11
images/testRegroupe\cake\8b2557da4460eba5.jpg,7
images/testRegroupe\cake\90e28b76aab3a56e.jpg,11
images/testRegroupe\cake\961c9f1a6178a149.jpg,11
images/testRegroupe\cake\97067d1400252334.jpg,5
images/testRegroupe\cake\9fd6e1a961717ed9.jpg,4
images/testRegroupe\cake\a19ef21a296d0a8b.jpg,13
images/testRegroupe\cake\abba419eef844ef1.jpg,10
images/testRegroupe\cake\b6f54162862823a4.jpg,6
images/testRegroupe\cake\ba0269590f729b08.jpg,11
images/testRegroupe\cake\bc41ce28fc883cd5.jpg,1
images/testRegroupe\cake\bc4226fd305d425e.jpg,13
images/testRegroupe\cake\be1f7d5866cf7930.jpg,14
images/testRegroupe\cake\c4033266241d935a.jpg,18
images/testRegroupe\cake\cebbdeeee1ee7e7c.jpg,10
images/testRegroupe\cake\dd3ef14dac2bb889.jpg,10
images/testRegroupe\cake\e391f29c806d5f42.jpg,3
images/testRegroupe\cake\f90c12a09c4d5773.jpg,4
images/testRegroupe\cake\fbf88bc41c8b0d3e.jpg,10
images/testRegroupe\candy\038bf3d104b02464.jpg,13
images/testRegroupe\candy\0581a2b16b723d1a.jpg,16
images/testRegroupe\candy\05af15dcce703633.jpg,10
images/testRegroupe\candy\07ff113b21245f7a.jpg,3
images/testRegroupe\candy\0f4aa7ed9302d084.jpg,4
images/testRegroupe\candy\101120a02372f1aa.jpg,9
images/testRegroupe\candy\1f89034238c72e8f.jpg,14
images/testRegroupe\candy\20d938b9cc57b4bd.jpg,1
images/testRegroupe\candy\233c6deb998d6172.jpg,0
images/testRegroupe\candy\2e4d9469aeb43c52.jpg,3
images/testRegroupe\candy\323e59e757ad100d.jpg,16
images/testRegroupe\candy\325f6518b5344b59.jpg,4
images/testRegroupe\candy\35d4f5378f0bb39b.jpg,15
images/testRegroupe\candy\3f988e05222fd1e3.jpg,1
images/testRegroupe\candy\40ab528ffde32356.jpg,14
images/testRegroupe\candy\47140d57d367d4b9.jpg,6
images/testRegroupe\candy\4bc74908b6a091ca.jpg,11
images/testRegroupe\candy\4dec43ade05359eb.jpg,10
images/testRegroupe\candy\4ef0021bc3c01547.jpg,3
images/testRegroupe\candy\4f85b66161ce80a4.jpg,13
images/testRegroupe\candy\5203f65eccdc27ce.jpg,10
images/testRegroupe\candy\540d6ed110f834b9.jpg,0
images/testRegroupe\candy\588eb67d6f319eba.jpg,5
images/testRegroupe\candy\5c18f5e13912c86a.jpg,16
images/testRegroupe\candy\5c33a4f1d71567ea.jpg,4
images/testRegroupe\candy\5ce55c5d94576f59.jpg,11
images/testRegroupe\candy\62e133bf113aac1c.jpg,8
images/testRegroupe\candy\667f16fe6b2d78b9.jpg,18
images/testRegroupe\candy\6c05e416d5c30099.jpg,4
images/testRegroupe\candy\6ccfb73fd9f90ae2.jpg,11
images/testRegroupe\candy\6e5d9e0475f6a95b.jpg,0
images/testRegroupe\candy\6fe968ac2b87761b.jpg,18
images/testRegroupe\candy\70b090254a0b95f7.jpg,15
images/testRegroupe\candy\710c5a3fe76a1212.jpg,16
images/testRegroupe\candy\735203791420ab7b.jpg,14
images/testRegroupe\candy\78d587c2ffaada32.jpg,10
images/testRegroupe\candy\830c7fca1827f8d9.jpg,3
images/testRegroupe\candy\912ca58be69eee96.jpg,11
images/testRegroupe\candy\9753c4049ace2e50.jpg,4
images/testRegroupe\candy\a385c266dca7b3ff.jpg,14
images/testRegroupe\candy\aba19c36c3d929fa.jpg,0
images/testRegroupe\candy\b87bb9d6db36a333.jpg,19
images/testRegroupe\candy\bcf80257c87c9b81.jpg,3
images/testRegroupe\candy\be6a7fa03acc10d0.jpg,12
images/testRegroupe\candy\be7a343840e40d11.jpg,3
images/testRegroupe\candy\be94b356f35a4372.jpg,16
images/testRegroupe\candy\c5bb5f7b822a87ce.jpg,6
images/testRegroupe\candy\dc6070bc69da30d2.jpg,12
images/testRegroupe\candy\ed5307ea9b10c060.jpg,7
images/testRegroupe\candy\fb1bade540c348ab.jpg,11
images/testRegroupe\carrot\039dab1e970085b8.jpg,19
images/testRegroupe\carrot\05f4bdc962a68b0f.jpg,8
images/testRegroupe\carrot\0939d4f4a0c54520.jpg,14
images/testRegroupe\carrot\0c53f1813ffbe760.jpg,11
images/testRegroupe\carrot\0d9f2dd36de18163.jpg,9
images/testRegroupe\carrot\103b542645332e4a.jpg,0
images/testRegroupe\carrot\1f7ff76e16363397.jpg,1
images/testRegroupe\carrot\1fb85991b739ea25.jpg,4
images/testRegroupe\carrot\20d98cec2775f021.jpg,11
images/testRegroupe\carrot\2594f1dca541ed77.jpg,11
images/testRegroupe\carrot\324be046de92c8ee.jpg,8
images/testRegroupe\carrot\32a5d68ae1a897f5.jpg,0
images/testRegroupe\carrot\37da985a8722e8b3.jpg,4
images/testRegroupe\carrot\3fcd16f04a6f66fa.jpg,0
images/testRegroupe\carrot\46116ae03b5479fe.jpg,3
images/testRegroupe\carrot\4990e82cd005a1af.jpg,14
images/testRegroupe\carrot\4acc22aee75c473b.jpg,5
images/testRegroupe\carrot\5114fa78f9690a64.jpg,5
images/testRegroupe\carrot\52c0ef0e10d2791b.jpg,11
images/testRegroupe\carrot\53d55c3ac842356a.jpg,12
images/testRegroupe\carrot\56471fae684301ba.jpg,14
images/testRegroupe\carrot\5c683e93a55a0445.jpg,1
images/testRegroupe\carrot\615640685695427e.jpg,0
images/testRegroupe\carrot\62a5e1822f783979.jpg,18
images/testRegroupe\carrot\636966ec154215c1.jpg,8
images/testRegroupe\carrot\6475e55c36568df4.jpg,0
images/testRegroupe\carrot\6c4bb6187f28b818.jpg,4
images/testRegroupe\carrot\788e661c91cb62c7.jpg,11
images/testRegroupe\carrot\83db962bb7626bb8.jpg,19
images/testRegroupe\carrot\92995b452fbd215a.jpg,19
images/testRegroupe\carrot\98a3a57356cfdc6e.jpg,11
images/testRegroupe\carrot\9a56f5fbc471fdb3.jpg,1
images/testRegroupe\carrot\9fc714d3f5f9fe69.jpg,1
images/testRegroupe\carrot\a16f4409aa46faa2.jpg,5
images/testRegroupe\carrot\a28b828c9626dd16.jpg,4
images/testRegroupe\carrot\b0caa2171fe9419e.jpg,15
images/testRegroupe\carrot\bb7c0deb75256bde.jpg,11
images/testRegroupe\carrot\bf13725c14661a3e.jpg,19
images/testRegroupe\carrot\c4416798c60e2c1a.jpg,0
images/testRegroupe\carrot\c7876b8fb3f38647.jpg,2
images/testRegroupe\carrot\cae5c970feaa93a3.jpg,10
images/testRegroupe\carrot\cd44d524d47a1aa5.jpg,19
images/testRegroupe\carrot\d6374a4e3ec9d874.jpg,1
images/testRegroupe\carrot\d8db8e6a932a9819.jpg,7
images/testRegroupe\carrot\e256ceef41da85bf.jpg,8
images/testRegroupe\carrot\e4813574b7e595e3.jpg,19
images/testRegroupe\carrot\e97345ea8b625ea1.jpg,8
images/testRegroupe\carrot\ec9f60bc5b78ffe1.jpg,8
images/testRegroupe\carrot\ed781e6662c3bbed.jpg,8
images/testRegroupe\carrot\f78e8d9f99e57e8c.jpg,9
images/testRegroupe\cookie\00f6b8189211d6b6.jpg,6
images/testRegroupe\cookie\0118470929b98bf5.jpg,4
images/testRegroupe\cookie\01a93ce7004feae6.jpg,0
images/testRegroupe\cookie\023dee03ade1147a.jpg,11
images/testRegroupe\cookie\02c213b3a71c6260.jpg,4
images/testRegroupe\cookie\074fd1129f04d3f0.jpg,2
images/testRegroupe\cookie\0d16593efde1131c.jpg,1
images/testRegroupe\cookie\0dd837dcb417fad0.jpg,4
images/testRegroupe\cookie\0e6be8f48d60dae8.jpg,3
images/testRegroupe\cookie\1155af1566a883d3.jpg,4
images/testRegroupe\cookie\14e3301c0c1ea323.jpg,4
images/testRegroupe\cookie\1738d7cdc51b00ec.jpg,13
images/testRegroupe\cookie\17ea24bc6dc7458e.jpg,1
images/testRegroupe\cookie\27812eb60d9aad28.jpg,12
images/testRegroupe\cookie\2b0ae7b923a28baf.jpg,11
images/testRegroupe\cookie\2e36c112d83643c5.jpg,12
images/testRegroupe\cookie\38533cb15416a011.jpg,2
images/testRegroupe\cookie\43242ada5e5c6878.jpg,4
images/testRegroupe\cookie\46fe868c6d30492a.jpg,16
images/testRegroupe\cookie\4b737307404fd0b8.jpg,4
images/testRegroupe\cookie\4ea1539c9c410f28.jpg,3
images/testRegroupe\cookie\4ea96e312f453594.jpg,12
images/testRegroupe\cookie\50d60abbaffa1e9e.jpg,10
images/testRegroupe\cookie\5a8ccc158e7c67a4.jpg,11
images/testRegroupe\cookie\61be2e4873a20080.jpg,0
images/testRegroupe\cookie\62c898713b2ac490.jpg,11
images/testRegroupe\cookie\66fbe316145d203f.jpg,3
images/testRegroupe\cookie\692f45dd9648ed72.jpg,4
images/testRegroupe\cookie\70efe172602fdd1a.jpg,12
images/testRegroupe\cookie\73903060d4c8e9f4.jpg,3
images/testRegroupe\cookie\76af876742a0fb43.jpg,5
images/testRegroupe\cookie\7bca1101800be428.jpg,4
images/testRegroupe\cookie\813ce73046043387.jpg,0
images/testRegroupe\cookie\83bc58231ed9ad0c.jpg,2
images/testRegroupe\cookie\874875596ed212a3.jpg,13
images/testRegroupe\cookie\87eb05f8f86ccfa5.jpg,12
images/testRegroupe\cookie\9894ba78a4e42349.jpg,10
images/testRegroupe\cookie\b195759465de760e.jpg,4
images/testRegroupe\cookie\b9d32ee305754a53.jpg,13
images/testRegroupe\cookie\bbf62cd64bf9d4a8.jpg,3
images/testRegroupe\cookie\cc63fda88e312550.jpg,12
images/testRegroupe\cookie\cdba04deb0148766.jpg,3
images/testRegroupe\cookie\d4187bcf646d033e.jpg,6
images/testRegroupe\cookie\dc67c54d983f157c.jpg,10
images/testRegroupe\cookie\e2b2c3725479b708.jpg,19
images/testRegroupe\cookie\e32c205370099660.jpg,3
images/testRegroupe\cookie\ee10374387e070a1.jpg,11
images/testRegroupe\cookie\f49f072cf785a90f.jpg,3
images/testRegroupe\cookie\fa59d691967ebbd7.jpg,16
images/testRegroupe\cookie\fb3ebb43b61afbff.jpg,4
images/testRegroupe\doughnut\0164db33f07e9a25.jpg,16
images/testRegroupe\doughnut\01f90403bd428a6d.jpg,3
images/testRegroupe\doughnut\03dc0a5aef2c3a1b.jpg,5
images/testRegroupe\doughnut\04804a8292041591.jpg,3
images/testRegroupe\doughnut\04b24862012833df.jpg,5
images/testRegroupe\doughnut\06f0216546b7956a.jpg,11
images/testRegroupe\doughnut\096f36d92dd5cbdc.jpg,11
images/testRegroupe\doughnut\0d5d8c223fdc999b.jpg,4
images/testRegroupe\doughnut\0deb2ede30860019.jpg,11
images/testRegroupe\doughnut\0e0edc630be70abb.jpg,9
images/testRegroupe\doughnut\106ff962529b626d.jpg,11
images/testRegroupe\doughnut\1285d2f73238af7b.jpg,1
images/testRegroupe\doughnut\130603d8157f71e2.jpg,4
images/testRegroupe\doughnut\138dc1cb147b5285.jpg,13
images/testRegroupe\doughnut\13a56246aa392f0c.jpg,12
images/testRegroupe\doughnut\14dcc652e8f3ebee.jpg,9
images/testRegroupe\doughnut\1e3e39601b068e02.jpg,3
images/testRegroupe\doughnut\20c1028d30ca1e23.jpg,4
images/testRegroupe\doughnut\23e09c1f641d47b6.jpg,3
images/testRegroupe\doughnut\2fbc6689e88fe87d.jpg,11
images/testRegroupe\doughnut\310b48bd8c98c431.jpg,9
images/testRegroupe\doughnut\314538a633c0ab92.jpg,3
images/testRegroupe\doughnut\343c59de225b92e7.jpg,7
images/testRegroupe\doughnut\34ef1596db45f864.jpg,4
images/testRegroupe\doughnut\36ee112ae978e163.jpg,3
images/testRegroupe\doughnut\39d2e662e2f5f29a.jpg,5
images/testRegroupe\doughnut\48d83e2c2bd8e222.jpg,9
images/testRegroupe\doughnut\49240eaae0fd1cd9.jpg,4
images/testRegroupe\doughnut\4a73a1d16a2d9d14.jpg,10
images/testRegroupe\doughnut\4aabc0003488c25e.jpg,3
images/testRegroupe\doughnut\4bca568dcdce32c6.jpg,5
images/testRegroupe\doughnut\542f807bd1521eb1.jpg,9
images/testRegroupe\doughnut\59732f6cd221fd1c.jpg,4
images/testRegroupe\doughnut\5e183de6621ddec1.jpg,15
images/testRegroupe\doughnut\638abd4677c3af6a.jpg,19
images/testRegroupe\doughnut\64aa3264d647dc20.jpg,2
images/testRegroupe\doughnut\660a42492352bde7.jpg,11
images/testRegroupe\doughnut\6b68fc10e440a1a8.jpg,11
images/testRegroupe\doughnut\775111e7129d301a.jpg,4
images/testRegroupe\doughnut\7a90520bce1778d5.jpg,0
images/testRegroupe\doughnut\8a1f8cd3f509e32b.jpg,2
images/testRegroupe\doughnut\8e95f91e34adaae2.jpg,11
images/testRegroupe\doughnut\9cbcbf580a5130ca.jpg,4
images/testRegroupe\doughnut\9e461c97dae46ecd.jpg,14
images/testRegroupe\doughnut\a0d5664953d6ce04.jpg,1
images/testRegroupe\doughnut\b3c4478f2251a321.jpg,12
images/testRegroupe\doughnut\bef3fa7d48dc129c.jpg,2
images/testRegroupe\doughnut\ee7578047950185c.jpg,15
images/testRegroupe\doughnut\f4c0e1ac1b9f7e8b.jpg,4
images/testRegroupe\doughnut\f72c324c96106eb5.jpg,4
images/testRegroupe\grape\0009e57c20c24d4a.jpg,4
images/testRegroupe\grape\006e0a3d99d16d60.jpg,13
images/testRegroupe\grape\02e1700c4e0142a1.jpg,19
images/testRegroupe\grape\02f27699a8a12017.jpg,14
images/testRegroupe\grape\043514a8d01ea24f.jpg,0
images/testRegroupe\grape\0cf98cfa41c1ea17.jpg,0
images/testRegroupe\grape\1630d950352797e3.jpg,14
images/testRegroupe\grape\1ad1b75ba69177b3.jpg,4
images/testRegroupe\grape\21c7c4b7361244ce.jpg,12
images/testRegroupe\grape\36125a2ce5e36465.jpg,4
images/testRegroupe\grape\38766bec6edc1671.jpg,12
images/testRegroupe\grape\3881457cb3a6585e.jpg,12
images/testRegroupe\grape\3901ae1c1a95fd79.jpg,6
images/testRegroupe\grape\3911da793d199666.jpg,13
images/testRegroupe\grape\3d7b8927bdde7439.jpg,13
images/testRegroupe\grape\3dce12ae59e03146.jpg,5
images/testRegroupe\grape\3e502afc3ecae556.jpg,12
images/testRegroupe\grape\41ef21b5e5fb2fc2.jpg,0
images/testRegroupe\grape\43dbc9b8c0492648.jpg,16
images/testRegroupe\grape\465616c0fe69f654.jpg,12
images/testRegroupe\grape\4ac0687764ff6b0e.jpg,4
images/testRegroupe\grape\4d49e79aaa91a55a.jpg,19
images/testRegroupe\grape\55dd183562a9cb6f.jpg,12
images/testRegroupe\grape\69c0e6377eb6cad3.jpg,4
images/testRegroupe\grape\6f7947d9ad9c6567.jpg,14
images/testRegroupe\grape\732427ee3b65c49d.jpg,12
images/testRegroupe\grape\743efa287f52c5cc.jpg,12
images/testRegroupe\grape\795f147860b5ffac.jpg,14
images/testRegroupe\grape\7c5acc3216f86a4e.jpg,11
images/testRegroupe\grape\82e2d844b066ae3f.jpg,0
images/testRegroupe\grape\84d15e32bf1a00d8.jpg,11
images/testRegroupe\grape\8871f6cd678f7512.jpg,0
images/testRegroupe\grape\89d997facbaf9770.jpg,4
images/testRegroupe\grape\8c6010ef7099e651.jpg,14
images/testRegroupe\grape\9a62bd577394868d.jpg,19
images/testRegroupe\grape\a19864345d272fb6.jpg,0
images/testRegroupe\grape\a1c9c6eac98703c7.jpg,14
images/testRegroupe\grape\a458e61373513d08.jpg,11
images/testRegroupe\grape\ae56a93402de35b3.jpg,10
images/testRegroupe\grape\b2a57ee36cdce337.jpg,0
images/testRegroupe\grape\b87c73014cb384a2.jpg,4
images/testRegroupe\grape\bb58eb3447802f91.jpg,4
images/testRegroupe\grape\c69c0ed2204ecc9f.jpg,16
images/testRegroupe\grape\c89724ec98fbc38c.jpg,12
images/testRegroupe\grape\cc6fbc0e943e4ef3.jpg,3
images/testRegroupe\grape\d0b4797b4477f029.jpg,0
images/testRegroupe\grape\d645ef1e6aea3c4f.jpg,19
images/testRegroupe\grape\f5fb96a65c9eca24.jpg,0
images/testRegroupe\grape\fbd3d78123315f62.jpg,12
images/testRegroupe\grape\fd00bb121229c236.jpg,0
images/testRegroupe\hot dog\00c0c0620ce884cb.jpg,11
images/testRegroupe\hot dog\0241c07973160eb6.jpg,18
images/testRegroupe\hot dog\02c6a28f2d41968a.jpg,12
images/testRegroupe\hot dog\031b187f57f6a7da.jpg,11
images/testRegroupe\hot dog\05d0e1c3450ee4c1.jpg,4
images/testRegroupe\hot dog\07decbabfaa0067d.jpg,4
images/testRegroupe\hot dog\0a15b982cd851776.jpg,11
images/testRegroupe\hot dog\0ec08c07a5592821.jpg,13
images/testRegroupe\hot dog\118d2d6ae9c1fa57.jpg,5
images/testRegroupe\hot dog\12cf6bf92d4646a1.jpg,1
images/testRegroupe\hot dog\18ba3f92ef3c2ec0.jpg,0
images/testRegroupe\hot dog\1b43c7d518bafcdc.jpg,0
images/testRegroupe\hot dog\26cd872f00e23fa8.jpg,1
images/testRegroupe\hot dog\2737f2d57ab388c3.jpg,4
images/testRegroupe\hot dog\2851bac8e57cf4ad.jpg,10
images/testRegroupe\hot dog\2e682f1c209d3ee3.jpg,5
images/testRegroupe\hot dog\32b556a029301112.jpg,3
images/testRegroupe\hot dog\3412e537b3bcad27.jpg,14
images/testRegroupe\hot dog\3654af6313f59d60.jpg,4
images/testRegroupe\hot dog\385fd834df493dde.jpg,2
images/testRegroupe\hot dog\3dad23ebd2e1e775.jpg,3
images/testRegroupe\hot dog\45c5f7607fadd2f1.jpg,13
images/testRegroupe\hot dog\4d7133d6aabede44.jpg,5
images/testRegroupe\hot dog\4e00a2c958585973.jpg,4
images/testRegroupe\hot dog\52ffdb84a47ce465.jpg,11
images/testRegroupe\hot dog\55b99711a2a6cfaf.jpg,13
images/testRegroupe\hot dog\5bb8e8ffefaf9161.jpg,11
images/testRegroupe\hot dog\6c61f85ad9f82666.jpg,4
images/testRegroupe\hot dog\745bfed170a4a3c4.jpg,8
images/testRegroupe\hot dog\7d7b32194903202d.jpg,5
images/testRegroupe\hot dog\833a7169d0aa3f7d.jpg,1
images/testRegroupe\hot dog\85c35576e017ab38.jpg,13
images/testRegroupe\hot dog\86a3f0f43dd6d8ad.jpg,11
images/testRegroupe\hot dog\8853b82c0c247f4f.jpg,11
images/testRegroupe\hot dog\88b1ff8b199f310d.jpg,0
images/testRegroupe\hot dog\8d07237ebd844748.jpg,2
images/testRegroupe\hot dog\8f53587ee4137371.jpg,12
images/testRegroupe\hot dog\8ff0fd33b1b5bafa.jpg,11
images/testRegroupe\hot dog\9fd48378d4647fc5.jpg,11
images/testRegroupe\hot dog\ada73c5ee63489bb.jpg,16
images/testRegroupe\hot dog\adc72f3854c37f79.jpg,11
images/testRegroupe\hot dog\aef75a0d68931b47.jpg,11
images/testRegroupe\hot dog\c3e1501ab3e57c5d.jpg,5
images/testRegroupe\hot dog\c655dace8ca7f068.jpg,13
images/testRegroupe\hot dog\c72d7747c1963e03.jpg,11
images/testRegroupe\hot dog\ce85004be3c895ee.jpg,2
images/testRegroupe\hot dog\e6edcd1bdcbec1af.jpg,5
images/testRegroupe\hot dog\eca019a0d4fec73c.jpg,4
images/testRegroupe\hot dog\f155a8211e0ae6f4.jpg,5
images/testRegroupe\hot dog\f446b0560b92c38c.jpg,14
images/testRegroupe\ice cream\010da1276a008768.jpg,3
images/testRegroupe\ice cream\02285bc0a69407cf.jpg,3
images/testRegroupe\ice cream\04c00ef69bda85fa.jpg,4
images/testRegroupe\ice cream\081120aca7b08b2d.jpg,16
images/testRegroupe\ice cream\133742c227160bc2.jpg,7
images/testRegroupe\ice cream\24b342ec8e497058.jpg,4
images/testRegroupe\ice cream\27a950922db546c4.jpg,4
images/testRegroupe\ice cream\380b6fab0b5c96af.jpg,16
images/testRegroupe\ice cream\39a44518f426cd80.jpg,4
images/testRegroupe\ice cream\3b3974ff8f14ca18.jpg,6
images/testRegroupe\ice cream\3d5e8ecd3e8a7b78.jpg,4
images/testRegroupe\ice cream\4093e7fd0e3b6ba8.jpg,11
images/testRegroupe\ice cream\461f124e829ec1c6.jpg,0
images/testRegroupe\ice cream\49e44f1db6dd09dc.jpg,2
images/testRegroupe\ice cream\4a5b8fc3c2cae34a.jpg,16
images/testRegroupe\ice cream\4f8cefe0611b7019.jpg,4
images/testRegroupe\ice cream\5ab9a90535e125e5.jpg,11
images/testRegroupe\ice cream\5dfac44e0ef19f93.jpg,7
images/testRegroupe\ice cream\5e1c399a43f834ae.jpg,2
images/testRegroupe\ice cream\67935fdb9215a857.jpg,12
images/testRegroupe\ice cream\67b506f147f4ac79.jpg,12
images/testRegroupe\ice cream\689b7f9cf0678cab.jpg,4
images/testRegroupe\ice cream\689fe9b3d2394ea6.jpg,16
images/testRegroupe\ice cream\68cbad75c47c699f.jpg,0
images/testRegroupe\ice cream\6b07af9cdf7248d5.jpg,0
images/testRegroupe\ice cream\6bcaeb33815e11d5.jpg,11
images/testRegroupe\ice cream\6dd9c028cb49069c.jpg,5
images/testRegroupe\ice cream\6eddd8cf24cca52a.jpg,3
images/testRegroupe\ice cream\72fde12771109182.jpg,12
images/testRegroupe\ice cream\7495b705c9a84e6a.jpg,11
images/testRegroupe\ice cream\75161733278e50d9.jpg,10
images/testRegroupe\ice cream\77b5718cc96f02da.jpg,11
images/testRegroupe\ice cream\89a4800c3a92e422.jpg,11
images/testRegroupe\ice cream\8c39704ea965464c.jpg,11
images/testRegroupe\ice cream\9d1a92876d2e9436.jpg,12
images/testRegroupe\ice cream\a668b88cfa5a768e.jpg,16
images/testRegroupe\ice cream\a7bfdc73e4f293f2.jpg,12
images/testRegroupe\ice cream\b247cf1d49e673d6.jpg,1
images/testRegroupe\ice cream\b64fedf42db89ef6.jpg,8
images/testRegroupe\ice cream\c1e3bf0323cf011e.jpg,2
images/testRegroupe\ice cream\c244827279875bcf.jpg,11
images/testRegroupe\ice cream\c725c44080b84ca3.jpg,12
images/testRegroupe\ice cream\c8ee841a83b43068.jpg,1
images/testRegroupe\ice cream\cae462ef598b5f01.jpg,6
images/testRegroupe\ice cream\cbbf0b9e57c8240c.jpg,5
images/testRegroupe\ice cream\dad4b34b18d378db.jpg,4
images/testRegroupe\ice cream\e0003905a1695b98.jpg,18
images/testRegroupe\ice cream\e3473320b32ae9b6.jpg,11
images/testRegroupe\ice cream\e3486def3d444a35.jpg,10
images/testRegroupe\ice cream\f70603c35ee30e8e.jpg,11
images/testRegroupe\juice\019acf832da28d45.jpg,6
images/testRegroupe\juice\069ede9c4139fa31.jpg,2
images/testRegroupe\juice\08f24e11a67850ba.jpg,6
images/testRegroupe\juice\0935946830889164.jpg,3
images/testRegroupe\juice\0954bd1f179254cf.jpg,11
images/testRegroupe\juice\0d01f1a8561323b6.jpg,7
images/testRegroupe\juice\0e5ee9a6a2db54e5.jpg,14
images/testRegroupe\juice\10790df76d9b54af.jpg,1
images/testRegroupe\juice\10d052bfca967402.jpg,11
images/testRegroupe\juice\12fda97ed0de705d.jpg,3
images/testRegroupe\juice\1ec49e680962cc08.jpg,14
images/testRegroupe\juice\282c7390572c422a.jpg,12
images/testRegroupe\juice\28407086a8becf96.jpg,18
images/testRegroupe\juice\2aa0c514f81b1cb8.jpg,5
images/testRegroupe\juice\2fc6437badb01008.jpg,12
images/testRegroupe\juice\303c47dc4d1130de.jpg,10
images/testRegroupe\juice\30e309354abfb0ed.jpg,5
images/testRegroupe\juice\33198b55c2daa869.jpg,5
images/testRegroupe\juice\37b8ec1c4cbd6530.jpg,4
images/testRegroupe\juice\3bd7c85088d7f366.jpg,5
images/testRegroupe\juice\4321186564b4f7fd.jpg,12
images/testRegroupe\juice\4a0bb14f4c490c0f.jpg,19
images/testRegroupe\juice\50228acda3f734a3.jpg,6
images/testRegroupe\juice\50918ee38906c902.jpg,16
images/testRegroupe\juice\50bc2d61d6b426c0.jpg,13
images/testRegroupe\juice\5585bdb8b52de703.jpg,13
images/testRegroupe\juice\608896d7f78436cd.jpg,19
images/testRegroupe\juice\66907d825ff624cb.jpg,12
images/testRegroupe\juice\6899023130312109.jpg,9
images/testRegroupe\juice\6aa2d8e0034d3cb4.jpg,14
images/testRegroupe\juice\7148297bb159970f.jpg,11
images/testRegroupe\juice\74fff845970ce690.jpg,19
images/testRegroupe\juice\779eb4869c8069a2.jpg,6
images/testRegroupe\juice\848728856b6a065e.jpg,4
images/testRegroupe\juice\8fcdc3a47ecc975c.jpg,4
images/testRegroupe\juice\a3a4d9251e76eb74.jpg,12
images/testRegroupe\juice\ae4ad4c2489698fa.jpg,7
images/testRegroupe\juice\bf72e9d4deb4bb4e.jpg,16
images/testRegroupe\juice\c91f90817c404a1d.jpg,14
images/testRegroupe\juice\ced0611439f83679.jpg,4
images/testRegroupe\juice\d0310f680b3847fb.jpg,2
images/testRegroupe\juice\d0e1413ef0b89f06.jpg,12
images/testRegroupe\juice\d6f67807e284a810.jpg,5
images/testRegroupe\juice\d7e31b4c04515f58.jpg,8
images/testRegroupe\juice\de250234065c84ea.jpg,1
images/testRegroupe\juice\dfdde27b79c1ac8b.jpg,6
images/testRegroupe\juice\ea08c1af1e3e01e7.jpg,9
images/testRegroupe\juice\f7401f63b03af92b.jpg,9
images/testRegroupe\juice\f7b73b23bbf9a807.jpg,16
images/testRegroupe\juice\fb8e7e937483e5f6.jpg,13
images/testRegroupe\muffin\016aad0b64443d91.jpg,11
images/testRegroupe\muffin\01c181eed894bd11.jpg,16
images/testRegroupe\muffin\05935821fa780483.jpg,12
images/testRegroupe\muffin\0b08ed2c8582899f.jpg,12
images/testRegroupe\muffin\0dcb4a758e0c5758.jpg,14
images/testRegroupe\muffin\0e7e47e9c8296584.jpg,5
images/testRegroupe\muffin\126a86098530e407.jpg,13
images/testRegroupe\muffin\138cf7c03b53b01e.jpg,12
images/testRegroupe\muffin\1c9bc2d8c1e61b07.jpg,7
images/testRegroupe\muffin\203874116baf58b0.jpg,18
images/testRegroupe\muffin\226fc2046a1baf83.jpg,11
images/testRegroupe\muffin\28062617fde114db.jpg,1
images/testRegroupe\muffin\298bc1bfdc979047.jpg,2
images/testRegroupe\muffin\2a246c1664349fe0.jpg,11
images/testRegroupe\muffin\2a6eea98e7baa1de.jpg,19
images/testRegroupe\muffin\2fae4b1e4f656a72.jpg,4
images/testRegroupe\muffin\3170d364d9db7ec0.jpg,10
images/testRegroupe\muffin\3a5351236b48b233.jpg,1
images/testRegroupe\muffin\3b25998aac3f7ab4.jpg,12
images/testRegroupe\muffin\3d0afe88b80dc747.jpg,15
images/testRegroupe\muffin\40baf16c268041eb.jpg,3
images/testRegroupe\muffin\4803d4bca4b5445d.jpg,10
images/testRegroupe\muffin\4bcd927f8387d569.jpg,4
images/testRegroupe\muffin\5756b828429fdcbf.jpg,11
images/testRegroupe\muffin\5f70625e2ca0c71c.jpg,0
images/testRegroupe\muffin\66948fd502909bab.jpg,0
images/testRegroupe\muffin\699b4903460d610b.jpg,12
images/testRegroupe\muffin\6f2a8f9fd46650d3.jpg,11
images/testRegroupe\muffin\71c2b9a610c66fac.jpg,10
images/testRegroupe\muffin\79d2a0712567746e.jpg,12
images/testRegroupe\muffin\7ff890c3ddd3104d.jpg,4
images/testRegroupe\muffin\8486df5e81b3d7e7.jpg,1
images/testRegroupe\muffin\9e07918d0786536a.jpg,14
images/testRegroupe\muffin\a120d297279533c6.jpg,11
images/testRegroupe\muffin\a231545a4ae679b9.jpg,12
images/testRegroupe\muffin\ab3d3e58e761821d.jpg,4
images/testRegroupe\muffin\b574a7edf555d9cd.jpg,12
images/testRegroupe\muffin\bb99a18db7905ac2.jpg,12
images/testRegroupe\muffin\c11dfd618a0c0b77.jpg,6
images/testRegroupe\muffin\c256d740bcc9ce47.jpg,1
images/testRegroupe\muffin\cb68ca23f80184d9.jpg,13
images/testRegroupe\muffin\ce208bfabce8f863.jpg,4
images/testRegroupe\muffin\d1f1769c2476aad1.jpg,0
images/testRegroupe\muffin\d2da116d2750c005.jpg,12
images/testRegroupe\muffin\d833b8547a3642a5.jpg,4
images/testRegroupe\muffin\f8c6ccb7d63223c5.jpg,11
images/testRegroupe\muffin\fc4535f57e3343bf.jpg,0
images/testRegroupe\muffin\fe9dc5a776dc3e76.jpg,4
images/testRegroupe\orange\001172cb8dbdb0d6.jpg,19
images/testRegroupe\orange\00de48d0ab9a014a.jpg,11
images/testRegroupe\orange\014207f2815ca5e7.jpg,10
images/testRegroupe\orange\0183c8d78acd17a8.jpg,11
images/testRegroupe\orange\01ae5c150cbf4249.jpg,11
images/testRegroupe\orange\023005cd3bb81d31.jpg,10
images/testRegroupe\orange\0290db4f27e7a332.jpg,14
images/testRegroupe\orange\07624bb579a2ed83.jpg,3
images/testRegroupe\orange\093d9c02650b69bc.jpg,19
images/testRegroupe\orange\0bc9985844755dc3.jpg,7
images/testRegroupe\orange\11bbe2b0de0dd100.jpg,1
images/testRegroupe\orange\13f59835b631e617.jpg,12
images/testRegroupe\orange\1d9c95d5d96ef805.jpg,8
images/testRegroupe\orange\1e6efc60e52f7919.jpg,6
images/testRegroupe\orange\23caa771a6137fee.jpg,14
images/testRegroupe\orange\26464d181209ae4e.jpg,1
images/testRegroupe\orange\3121d67d26e778f4.jpg,19
images/testRegroupe\orange\31bc6b4798e5fbd2.jpg,8
images/testRegroupe\orange\36bcc5ef734dad83.jpg,2
images/testRegroupe\orange\3bb0d87be737576a.jpg,8
images/testRegroupe\orange\48d75ce8bb7bd007.jpg,11
images/testRegroupe\orange\500ef7bbed25b42d.jpg,19
images/testRegroupe\orange\560ae1d25138be3e.jpg,12
images/testRegroupe\orange\598ab2035a9a7f53.jpg,11
images/testRegroupe\orange\719090f75cd19138.jpg,19
images/testRegroupe\orange\79f629405dd16464.jpg,11
images/testRegroupe\orange\856855d079b8f4fa.jpg,12
images/testRegroupe\orange\87954cd0351d98af.jpg,11
images/testRegroupe\orange\8c7d69610416a787.jpg,10
images/testRegroupe\orange\9035fabc7f3fe789.jpg,18
images/testRegroupe\orange\95bfdda457a60624.jpg,8
images/testRegroupe\orange\9af8ac9c85456666.jpg,19
images/testRegroupe\orange\9ef21e1f731c188b.jpg,1
images/testRegroupe\orange\9f52969b8e086196.jpg,11
images/testRegroupe\orange\a6256f5c90bcf5dd.jpg,1
images/testRegroupe\orange\acf80b8ce25746c0.jpg,1
images/testRegroupe\orange\af515b294f9e6369.jpg,16
images/testRegroupe\orange\b5cf54f877f2e5b8.jpg,8
images/testRegroupe\orange\bc4090e456c6f14b.jpg,19
images/testRegroupe\orange\c5ac5e8dc8606ed3.jpg,8
images/testRegroupe\orange\c76492c4b4a52985.jpg,1
images/testRegroupe\orange\c9b24d97c7649819.jpg,19
images/testRegroupe\orange\cb6b698c9603b542.jpg,8
images/testRegroupe\orange\d2a754faba35c377.jpg,11
images/testRegroupe\orange\d598455a2af52b07.jpg,1
images/testRegroupe\orange\e2903d7029b5067d.jpg,19
images/testRegroupe\orange\f9705847c26e33b3.jpg,19
images/testRegroupe\orange\faeff15d39835364.jpg,0
images/testRegroupe\orange\fd229f5d16fa0d3f.jpg,1
images/testRegroupe\orange\fef29cf2366b7826.jpg,19
images/testRegroupe\pineapple\01355f109471a695.jpg,12
images/testRegroupe\pineapple\03fbdb7a562e3442.jpg,11
images/testRegroupe\pineapple\0405611df46a676c.jpg,18
images/testRegroupe\pineapple\049e04a24547e7d2.jpg,12
images/testRegroupe\pineapple\04cb8b6bc6191b9e.jpg,6
images/testRegroupe\pineapple\092d59a67c16195a.jpg,16
images/testRegroupe\pineapple\0abe7d9ea7e16682.jpg,11
images/testRegroupe\pineapple\0e5038eaea4af0ee.jpg,0
images/testRegroupe\pineapple\0eebf86343d79a23.jpg,4
images/testRegroupe\pineapple\12889d9391dab559.jpg,11
images/testRegroupe\pineapple\132cc5e5a5eb85b1.jpg,16
images/testRegroupe\pineapple\2005ef39393df600.jpg,10
images/testRegroupe\pineapple\2667790bcb0aafaf.jpg,4
images/testRegroupe\pineapple\26a2393f9024b99f.jpg,12
images/testRegroupe\pineapple\26cceb53ba2dcf32.jpg,4
images/testRegroupe\pineapple\289c97acdf7440cb.jpg,18
images/testRegroupe\pineapple\2b8f5dc7cbb67f54.jpg,16
images/testRegroupe\pineapple\3288fb131bcb4926.jpg,1
images/testRegroupe\pineapple\36cf807cd825c575.jpg,11
images/testRegroupe\pineapple\4450e6bc3d429e55.jpg,12
images/testRegroupe\pineapple\487ca6184cde8a4a.jpg,19
images/testRegroupe\pineapple\4a65a5eb9af2aff3.jpg,4
images/testRegroupe\pineapple\4e9960b35151ea84.jpg,4
images/testRegroupe\pineapple\59770a37e3679c72.jpg,2
images/testRegroupe\pineapple\5f667854e0efc6f0.jpg,6
images/testRegroupe\pineapple\6a48f1b8dd189244.jpg,4
images/testRegroupe\pineapple\6d0c2af8fa7152f5.jpg,3
images/testRegroupe\pineapple\7033b41248c6dc2d.jpg,4
images/testRegroupe\pineapple\820ed6d581197bff.jpg,16
images/testRegroupe\pineapple\8cba6a389c01968e.jpg,0
images/testRegroupe\pineapple\9063dfe56ba6cffb.jpg,0
images/testRegroupe\pineapple\90afb1733a158624.jpg,4
images/testRegroupe\pineapple\9ce6e2af8e10fead.jpg,0
images/testRegroupe\pineapple\9f77708e1f1e5da0.jpg,0
images/testRegroupe\pineapple\b094712e311947e8.jpg,11
images/testRegroupe\pineapple\bbf8f1b2ad016524.jpg,5
images/testRegroupe\pineapple\c450ec5a863e1a10.jpg,18
images/testRegroupe\pineapple\e28edd6fb386446d.jpg,2
images/testRegroupe\pineapple\e77349f618bc67a7.jpg,19
images/testRegroupe\pineapple\f4c13fec4d0df8a9.jpg,16
images/testRegroupe\popcorn\00579bcd56d81317.jpg,18
images/testRegroupe\popcorn\00588ba23cb16ba6.jpg,14
images/testRegroupe\popcorn\02f84904df8d1597.jpg,6
images/testRegroupe\popcorn\0b3cf6c3712d80a9.jpg,11
images/testRegroupe\popcorn\0ec1189ce664eb0c.jpg,3
images/testRegroupe\popcorn\128359612db48144.jpg,6
images/testRegroupe\popcorn\18450a5d1f230be9.jpg,5
images/testRegroupe\popcorn\1bc6ac12dc311880.jpg,1
images/testRegroupe\popcorn\1db3b0b3f1d9466b.jpg,11
images/testRegroupe\popcorn\2863b67def3c1534.jpg,2
images/testRegroupe\popcorn\28e87e487db1443f.jpg,2
images/testRegroupe\popcorn\2b129015523863d4.jpg,12
images/testRegroupe\popcorn\2f821960ddc08801.jpg,9
images/testRegroupe\popcorn\31437fab0c2c19e0.jpg,12
images/testRegroupe\popcorn\33d53189d3af4fb5.jpg,2
images/testRegroupe\popcorn\52ba185b2d69d1b0.jpg,19
images/testRegroupe\popcorn\52f7d69d2be883f2.jpg,3
images/testRegroupe\popcorn\5771484210ed0466.jpg,4
images/testRegroupe\popcorn\59a2935181b11173.jpg,2
images/testRegroupe\popcorn\61f5b3b74dc26f8a.jpg,2
images/testRegroupe\popcorn\6a416455729fc0d1.jpg,4
images/testRegroupe\popcorn\7ede03857983b548.jpg,11
images/testRegroupe\popcorn\7f363bf379782dd3.jpg,3
images/testRegroupe\popcorn\82bbf1390dac343c.jpg,11
images/testRegroupe\popcorn\83544efb9f358e5a.jpg,0
images/testRegroupe\popcorn\88f55a4627e3b902.jpg,11
images/testRegroupe\popcorn\8d0c62d74c38d5b0.jpg,1
images/testRegroupe\popcorn\9d0ec6229d7faf0f.jpg,6
images/testRegroupe\popcorn\9f54ccb313cb4864.jpg,6
images/testRegroupe\popcorn\a389e5443188ef81.jpg,5
images/testRegroupe\popcorn\a75b3894bbd88e73.jpg,19
images/testRegroupe\popcorn\adb8b57517fe813f.jpg,13
images/testRegroupe\popcorn\bbb26bd562725660.jpg,0
images/testRegroupe\popcorn\bc69f67f371766b5.jpg,5
images/testRegroupe\popcorn\c700561bb0892314.jpg,4
images/testRegroupe\popcorn\da9c1e772a729447.jpg,16
images/testRegroupe\popcorn\dc2e51a8e085d01d.jpg,18
images/testRegroupe\popcorn\dfaab14ecccf25f6.jpg,18
images/testRegroupe\popcorn\ea9b544d17789690.jpg,13
images/testRegroupe\popcorn\ed8c587c01deb4f8.jpg,8
images/testRegroupe\pretzel\045c5c616fc0e179.jpg,4
images/testRegroupe\pretzel\0507f910bb0f6aac.jpg,1
images/testRegroupe\pretzel\07dbead8ec5b17cf.jpg,13
images/testRegroupe\pretzel\09d4200460bfe214.jpg,11
images/testRegroupe\pretzel\0c106b8969ff15c7.jpg,1
images/testRegroupe\pretzel\22c6b2d8d6914e14.jpg,2
images/testRegroupe\pretzel\24e80e40f8169f5c.jpg,1
images/testRegroupe\pretzel\26f9b039e2746de6.jpg,6
images/testRegroupe\pretzel\2b3a85c5af3121b9.jpg,11
images/testRegroupe\pretzel\3753547566a54fa1.jpg,12
images/testRegroupe\pretzel\4053fd202567e186.jpg,4
images/testRegroupe\pretzel\46978763864e9e03.jpg,3
images/testRegroupe\pretzel\58eadfaf0f7ac6e6.jpg,12
images/testRegroupe\pretzel\6a5f1f9cc91240ea.jpg,4
images/testRegroupe\pretzel\7552e7678efc1c39.jpg,10
images/testRegroupe\pretzel\8dadf2120eef0a6a.jpg,3
images/testRegroupe\pretzel\8e164d1a6f6edbf4.jpg,1
images/testRegroupe\pretzel\980d5d783c23765c.jpg,12
images/testRegroupe\pretzel\aa319b2c7580e0d6.jpg,4
images/testRegroupe\pretzel\aaa2ab09b31d5487.jpg,10
images/testRegroupe\pretzel\ae2121466319c375.jpg,11
images/testRegroupe\pretzel\d4b90bfddaed9efc.jpg,4
images/testRegroupe\pretzel\dc3da2bb434f01ff.jpg,4
images/testRegroupe\pretzel\f24179073c66868e.jpg,12
images/testRegroupe\pretzel\fa416dab8d4ad0f9.jpg,3
images/testRegroupe\salad\00526a5fa21fe550.jpg,19
images/testRegroupe\salad\00af886180e9eaec.jpg,11
images/testRegroupe\salad\017733edc08cdb9e.jpg,11
images/testRegroupe\salad\020c157fd16d1a94.jpg,13
images/testRegroupe\salad\026d89639fe17108.jpg,11
images/testRegroupe\salad\044026ca4bb19102.jpg,6
images/testRegroupe\salad\09ea03a0c3abfaa3.jpg,10
images/testRegroupe\salad\139ee67c0192693a.jpg,12
images/testRegroupe\salad\14b9d9770ff2f538.jpg,0
images/testRegroupe\salad\14be6fb784aebdda.jpg,4
images/testRegroupe\salad\1f9f26a140775c6c.jpg,11
images/testRegroupe\salad\20bca0defb29c9e9.jpg,2
images/testRegroupe\salad\2cc124a9e93524b4.jpg,4
images/testRegroupe\salad\2ea80bbf1527e1ed.jpg,13
images/testRegroupe\salad\35fce9340e31041d.jpg,11
images/testRegroupe\salad\37a807e4cfc1ad90.jpg,13
images/testRegroupe\salad\3ac1a7b54eba6506.jpg,4
images/testRegroupe\salad\3d0d706eb31e025b.jpg,3
images/testRegroupe\salad\4cc7c5810868e840.jpg,13
images/testRegroupe\salad\4dbaabe57b50c349.jpg,1
images/testRegroupe\salad\5369669af219b4e2.jpg,4
images/testRegroupe\salad\541229880310d8b9.jpg,11
images/testRegroupe\salad\5444745196c530a8.jpg,11
images/testRegroupe\salad\59c683b88c5d2d79.jpg,6
images/testRegroupe\salad\5d3f38810d289d76.jpg,4
images/testRegroupe\salad\7e7f4d365c0603e0.jpg,1
images/testRegroupe\salad\821e3b730da5aa3f.jpg,1
images/testRegroupe\salad\8866cb2b1797c203.jpg,4
images/testRegroupe\salad\89a76c016caa14b2.jpg,10
images/testRegroupe\salad\8f2a2ad592738040.jpg,17
images/testRegroupe\salad\97927824eb5dc7a7.jpg,12
images/testRegroupe\salad\9cd94f678d1f5f45.jpg,13
images/testRegroupe\salad\a0c48358ff9b26b3.jpg,8
images/testRegroupe\salad\a235e4ace5a3b613.jpg,18
images/testRegroupe\salad\a6d772b7b99cb184.jpg,0
images/testRegroupe\salad\a9039f7854b439c0.jpg,13
images/testRegroupe\salad\add62efddafb53b5.jpg,12
images/testRegroupe\salad\b9fe5d18d940c68e.jpg,11
images/testRegroupe\salad\babff9851afcceed.jpg,16
images/testRegroupe\salad\bbaa84971c8ab756.jpg,0
images/testRegroupe\salad\bdd21dc7cf06e2a2.jpg,11
images/testRegroupe\salad\bfe8fc696004f1d0.jpg,5
images/testRegroupe\salad\c651bf26c2245c7d.jpg,16
images/testRegroupe\salad\c9d8f11845dce542.jpg,0
images/testRegroupe\salad\dd2cfc9d9b120eaa.jpg,4
images/testRegroupe\salad\e2f21e97ec3da2d4.jpg,0
images/testRegroupe\salad\e39c037ac21de153.jpg,0
images/testRegroupe\salad\e93db7c83414d774.jpg,16
images/testRegroupe\salad\f18b281732b5bc69.jpg,19
images/testRegroupe\salad\ff5bbb68d84fb6ec.jpg,7
images/testRegroupe\strawberry\02dd6f72471e912b.jpg,0
images/testRegroupe\strawberry\04e95b5bdf33b4e1.jpg,0
images/testRegroupe\strawberry\068244ae85199a2a.jpg,4
images/testRegroupe\strawberry\08162874dc793131.jpg,4
images/testRegroupe\strawberry\08d400813dbbbaac.jpg,10
images/testRegroupe\strawberry\09d140146c09b309.jpg,13
images/testRegroupe\strawberry\09e82a53ffe0ea0a.jpg,11
images/testRegroupe\strawberry\0ac97ba222edf87d.jpg,0
images/testRegroupe\strawberry\0dd1e9ee65a85c43.jpg,8
images/testRegroupe\strawberry\0edd6783e1d50f9e.jpg,19
images/testRegroupe\strawberry\152210fad4b21532.jpg,13
images/testRegroupe\strawberry\196f10a324c95004.jpg,13
images/testRegroupe\strawberry\1d77dac8fa16ef35.jpg,12
images/testRegroupe\strawberry\1e4b625dfc370b84.jpg,0
images/testRegroupe\strawberry\1f56daea13da01a1.jpg,2
images/testRegroupe\strawberry\23decfd1153bafb7.jpg,19
images/testRegroupe\strawberry\24547322a7365b3f.jpg,4
images/testRegroupe\strawberry\27d00faa10df29b5.jpg,19
images/testRegroupe\strawberry\2ffb13e3a8ae6374.jpg,11
images/testRegroupe\strawberry\30968305fd1b6597.jpg,19
images/testRegroupe\strawberry\3a849e63e862ea87.jpg,17
images/testRegroupe\strawberry\3d8c250b50f6122f.jpg,12
images/testRegroupe\strawberry\3efe6e01d27ef48c.jpg,12
images/testRegroupe\strawberry\45919528f5e941b9.jpg,4
images/testRegroupe\strawberry\486d2a26be2bf3df.jpg,8
images/testRegroupe\strawberry\48d53371268079d2.jpg,11
images/testRegroupe\strawberry\501ea0c2d862be13.jpg,12
images/testRegroupe\strawberry\53c577c4c642555c.jpg,13
images/testRegroupe\strawberry\559f869547b80d0e.jpg,19
images/testRegroupe\strawberry\55d9963e46799b73.jpg,11
images/testRegroupe\strawberry\5c23bb41aa6dba4e.jpg,18
images/testRegroupe\strawberry\5fbc1f94d4de31e0.jpg,4
images/testRegroupe\strawberry\63f4d76a8234816d.jpg,12
images/testRegroupe\strawberry\6bf43fd8bba36443.jpg,19
images/testRegroupe\strawberry\6c5a155ed8f801b3.jpg,11
images/testRegroupe\strawberry\773874aab9f57d92.jpg,5
images/testRegroupe\strawberry\82b023c21f004cb7.jpg,9
images/testRegroupe\strawberry\863be535f51eadea.jpg,4
images/testRegroupe\strawberry\884acc36cfcc7034.jpg,19
images/testRegroupe\strawberry\8e5c9bdd9bba0201.jpg,4
images/testRegroupe\strawberry\9055e20335b368fa.jpg,14
images/testRegroupe\strawberry\a6129c9f74ea9ad7.jpg,0
images/testRegroupe\strawberry\ac96a093941c0720.jpg,1
images/testRegroupe\strawberry\afe8b1501d1eb259.jpg,4
images/testRegroupe\strawberry\cac814aa55e6278e.jpg,12
images/testRegroupe\strawberry\d11105dc1d91f19c.jpg,17
images/testRegroupe\strawberry\d1b4eb00573a8c46.jpg,1
images/testRegroupe\strawberry\d3c1029361d96ef3.jpg,5
images/testRegroupe\strawberry\eef7cca167628a10.jpg,12
images/testRegroupe\waffle\027d268ab377ccbc.jpg,11
images/testRegroupe\waffle\0cd22d931ecde568.jpg,4
images/testRegroupe\waffle\0d301324c9809d0c.jpg,1
images/testRegroupe\waffle\0d95f34c49391747.jpg,4
images/testRegroupe\waffle\1250dfef4946259e.jpg,1
images/testRegroupe\waffle\17b7895b273bde26.jpg,1
images/testRegroupe\waffle\17b90b5ad2cf2cfe.jpg,4
images/testRegroupe\waffle\1800bc8c3e530f1f.jpg,13
images/testRegroupe\waffle\2371b4d02fa655a6.jpg,11
images/testRegroupe\waffle\23e396bbb3aff624.jpg,19
images/testRegroupe\waffle\247bfe7862661e5a.jpg,2
images/testRegroupe\waffle\2803dc066b153411.jpg,1
images/testRegroupe\waffle\29c97bdae512a804.jpg,5
images/testRegroupe\waffle\2a3d34b6e4b2241a.jpg,4
images/testRegroupe\waffle\2ac701f89b598d90.jpg,11
images/testRegroupe\waffle\3a2013ad08990999.jpg,11
images/testRegroupe\waffle\4c8c80d9d78c7f2b.jpg,11
images/testRegroupe\waffle\4ff31b3a0cf404e9.jpg,0
images/testRegroupe\waffle\504a468813a0088f.jpg,11
images/testRegroupe\waffle\51884dc6cb42b10e.jpg,9
images/testRegroupe\waffle\56ef4945beda0175.jpg,11
images/testRegroupe\waffle\5a4952dc674de573.jpg,0
images/testRegroupe\waffle\5bebad82719fba85.jpg,2
images/testRegroupe\waffle\5eeed8586cac69b5.jpg,3
images/testRegroupe\waffle\608bb719d128fbbe.jpg,5
images/testRegroupe\waffle\615a9f8954f02e58.jpg,5
images/testRegroupe\waffle\6350b46e93925a1c.jpg,6
images/testRegroupe\waffle\6893f533d4c82a9d.jpg,16
images/testRegroupe\waffle\69767a90a2688686.jpg,1
images/testRegroupe\waffle\6a67c48cebcb1696.jpg,4
images/testRegroupe\waffle\732c0a041e6d9daf.jpg,4
images/testRegroupe\waffle\761b6a9c1712f4d2.jpg,3
images/testRegroupe\waffle\8a61199be82d8781.jpg,11
images/testRegroupe\waffle\949af6edf5c4266b.jpg,11
images/testRegroupe\waffle\97ff57f8e24f3203.jpg,13
images/testRegroupe\waffle\998d1cfec693799c.jpg,11
images/testRegroupe\waffle\9f772c900d3dcac3.jpg,0
images/testRegroupe\waffle\a354b9740a7ff4e3.jpg,5
images/testRegroupe\waffle\a431969c7942f6a4.jpg,10
images/testRegroupe\waffle\bf5b362c3a8a661f.jpg,5
images/testRegroupe\waffle\d2952b17d5e367ca.jpg,11
images/testRegroupe\waffle\d2b3c39e42900a14.jpg,0
images/testRegroupe\waffle\d4f4280b975a95ae.jpg,13
images/testRegroupe\waffle\d556a96131c8068c.jpg,4
images/testRegroupe\waffle\d5c95b116b277c2a.jpg,8
images/testRegroupe\waffle\dfce8ca7a7f09c40.jpg,11
images/testRegroupe\waffle\e3be2c967e5af1e5.jpg,7
images/testRegroupe\waffle\e55bbc856b7ec160.jpg,4
images/testRegroupe\waffle\f2b06b01922c05a6.jpg,16
images/testRegroupe\waffle\f754d3a188df9a6d.jpg,7
images/testRegroupe\watermelon\0200c7d15894ec5b.jpg,11
images/testRegroupe\watermelon\037d96c648255043.jpg,12
images/testRegroupe\watermelon\04a3bdcdc59f8794.jpg,11
images/testRegroupe\watermelon\076d154de54ef212.jpg,4
images/testRegroupe\watermelon\07d482fa22194c70.jpg,4
images/testRegroupe\watermelon\0ba8350fa6d15414.jpg,4
images/testRegroupe\watermelon\12b2986f7a83c0e9.jpg,4
images/testRegroupe\watermelon\1566c7571350e9db.jpg,12
images/testRegroupe\watermelon\185a170cadf1ab0f.jpg,2
images/testRegroupe\watermelon\1be7dc102ded9260.jpg,4
images/testRegroupe\watermelon\1df36b94a2cc7e5f.jpg,4
images/testRegroupe\watermelon\1e83bb3103926450.jpg,4
images/testRegroupe\watermelon\202c33d955c365d9.jpg,2
images/testRegroupe\watermelon\21c301f76af20205.jpg,12
images/testRegroupe\watermelon\240334243da46a26.jpg,4
images/testRegroupe\watermelon\28320721b57cc408.jpg,14
images/testRegroupe\watermelon\28381f16487334d0.jpg,11
images/testRegroupe\watermelon\2da45bb6ecb94767.jpg,19
images/testRegroupe\watermelon\311dc05e9a3ec7d1.jpg,13
images/testRegroupe\watermelon\3571ba354fa3c699.jpg,4
images/testRegroupe\watermelon\3bcb67893ae3f1b3.jpg,4
images/testRegroupe\watermelon\4234a18d3d09515a.jpg,3
images/testRegroupe\watermelon\45ba9b07c1a7fe65.jpg,4
images/testRegroupe\watermelon\4d3bb6dc2fa1a88c.jpg,10
images/testRegroupe\watermelon\5408f22100830251.jpg,5
images/testRegroupe\watermelon\5a5ff10704d82494.jpg,13
images/testRegroupe\watermelon\5c55a99ec0631f10.jpg,6
images/testRegroupe\watermelon\60113ceb1d15b850.jpg,0
images/testRegroupe\watermelon\6e3d67f1fe8d42a0.jpg,16
images/testRegroupe\watermelon\70601504c4b4717a.jpg,4
images/testRegroupe\watermelon\7bfbb19b655506ac.jpg,9
images/testRegroupe\watermelon\7cff62ae1bbefe2d.jpg,12
images/testRegroupe\watermelon\8c50ef44fdb20cb0.jpg,19
images/testRegroupe\watermelon\9245f796f5fd4eb4.jpg,1
images/testRegroupe\watermelon\92573b800533de27.jpg,0
images/testRegroupe\watermelon\93e48bbac12fedfd.jpg,12
images/testRegroupe\watermelon\96c3dda8b4567ac0.jpg,0
images/testRegroupe\watermelon\9a99ced76edb266c.jpg,12
images/testRegroupe\watermelon\9beac2238038173e.jpg,10
images/testRegroupe\watermelon\a7409d5a6fe8b83e.jpg,3
images/testRegroupe\watermelon\a910aa96086d6d4f.jpg,11
images/testRegroupe\watermelon\a9f794c2df02b1d7.jpg,4
images/testRegroupe\watermelon\aa4226f264ff5c18.jpg,18
images/testRegroupe\watermelon\b4685cba12f50f26.jpg,18
images/testRegroupe\watermelon\bdf4e37003516aaa.jpg,0
images/testRegroupe\watermelon\cca2269bb7eb9042.jpg,16
images/testRegroupe\watermelon\d2b5d6a3e29e7e47.jpg,1
images/testRegroupe\watermelon\dd5dc2bd6c643324.jpg,13
images/testRegroupe\watermelon\eed03f9a3322da89.jpg,0
images/testRegroupe\watermelon\f98aafccf40cd1b8.jpg,14
